                  epoch,         train/box_loss,         train/cls_loss,         train/dfl_loss,   metrics/precision(B),      metrics/recall(B),       metrics/mAP50(B),    metrics/mAP50-95(B),           val/box_loss,           val/cls_loss,           val/dfl_loss,                 lr/pg0,                 lr/pg1,                 lr/pg2
                      1,                0.36785,                0.19147,                0.78868,                 0.9998,                0.99981,                  0.995,                0.97445,                 0.2441,                0.15575,                 0.7554,                0.00066,                0.00066,                0.00066
                      2,                0.30719,                0.17736,                0.78125,                0.99992,                0.99986,                  0.995,                0.97785,                0.21881,                0.15525,                0.75318,              0.0013157,              0.0013157,              0.0013157
                      3,                0.30243,                0.17792,                0.78058,                0.99995,                0.99994,                  0.995,                0.97886,                0.21872,                0.16002,                0.75291,              0.0019604,              0.0019604,              0.0019604
                      4,                0.29382,                0.17519,                0.78082,                0.99977,                0.99975,                  0.995,                0.97361,                    inf,                0.15935,                0.75544,              0.0019505,              0.0019505,              0.0019505
                      5,                0.29353,                0.17491,                0.78105,                0.99996,                0.99992,                  0.995,                0.97957,                    inf,                0.15629,                0.75276,               0.001934,               0.001934,               0.001934
